<application>
  <component name="FeatureSuggesterSettings">
    <option name="workingDays">
      <list>
        <option value="1695833688204" />
        <option value="1695942595773" />
        <option value="1696013146620" />
        <option value="1696214885979" />
        <option value="1696268449268" />
        <option value="1696359950988" />
        <option value="1696458395214" />
        <option value="1696525442521" />
        <option value="1696615758069" />
        <option value="1696889380966" />
        <option value="1696975182090" />
        <option value="1697048090057" />
        <option value="1697137898398" />
        <option value="1697215619361" />
        <option value="1697479182049" />
        <option value="1697573019150" />
        <option value="1697651974452" />
        <option value="1697734679637" />
        <option value="1697820997853" />
        <option value="1698081790834" />
        <option value="1698169897475" />
        <option value="1698255366313" />
        <option value="1698341650408" />
        <option value="1698428875842" />
        <option value="1698685423162" />
        <option value="1698771696221" />
        <option value="1698857683637" />
        <option value="1698946509007" />
        <option value="1699029783948" />
        <option value="1699295305763" />
      </list>
    </option>
  </component>
</application>