<application>
  <component name="FindSettings">
    <option name="customScope" value="All Places" />
    <option name="defaultScopeName" value="All Places" />
    <option name="SEARCH_SCOPE" value="All Places" />
    <mask>*.html</mask>
    <mask>*.xml</mask>
    <mask>*.jsp</mask>
    <mask>*.properties</mask>
    <mask>*.java</mask>
    <mask>elixirpb.proto</mask>
    <mask>*.gql</mask>
    <mask>*.yml</mask>
    <mask>*repository.kt</mask>
    <mask>*.jsonnet</mask>
    <mask>*.md</mask>
    <mask>*.tsx</mask>
    <mask>*.yaml</mask>
    <mask>*.json.eex</mask>
    <mask>*.sql</mask>
    <mask>*.ve</mask>
    <mask>*</mask>
    <mask>*.exs</mask>
    <mask>gemini_context_provider.ex</mask>
    <mask>operation.kt</mask>
    <mask>getDateEstimations.ts</mask>
    <mask>policyFetcher.kt</mask>
    <mask>*.graphqls</mask>
    <mask>*.ts</mask>
    <mask>*.json</mask>
    <mask>*.bazel</mask>
    <mask>*.ex</mask>
    <mask>bookkeeper.json</mask>
    <mask>*.kt</mask>
    <mask>*.proto</mask>
  </component>
</application>